Enter password: *********
Welcome to the MySQL monitor.  Commands end with ; or \g.
Your MySQL connection id is 30
Server version: 8.0.30 MySQL Community Server - GPL

Copyright (c) 2000, 2022, Oracle and/or its affiliates.

Oracle is a registered trademark of Oracle Corporation and/or its
affiliates. Other names may be trademarks of their respective
owners.

Type 'help;' or '\h' for help. Type '\c' to clear the current input statement.

mysql> show databases;
+--------------------+
| Database           |
+--------------------+
| db                 |
| geetadb            |
| information_schema |
| mysql              |
| performance_schema |
| sys                |
| web18sb101db       |
| web19sb101db       |
+--------------------+
8 rows in set (0.01 sec)

mysql> use web18sb101db;
Database changed
mysql> create table Employee(empId int primary key, ename varchar(12) not null, address varchar(12) not null, mobile varchar(12) not null, salary int not null, deptId int);
Query OK, 0 rows affected (0.04 sec)

mysql> create table Employee(empId int primary key, ename varchar(12) not null, address varchar(12) not null, mobile varchar(12) not null, salary int not null, deptId int);
ERROR 1050 (42S01): Table 'employee' already exists
mysql> create table Department(did int, dname varchar(12), location varchar(12));
Query OK, 0 rows affected (1.02 sec)

mysql> desc Department;
+----------+-------------+------+-----+---------+-------+
| Field    | Type        | Null | Key | Default | Extra |
+----------+-------------+------+-----+---------+-------+
| did      | int         | YES  |     | NULL    |       |
| dname    | varchar(12) | YES  |     | NULL    |       |
| location | varchar(12) | YES  |     | NULL    |       |
+----------+-------------+------+-----+---------+-------+
3 rows in set (0.00 sec)
mysql> desc Employee;
+---------+-------------+------+-----+---------+-------+
| Field   | Type        | Null | Key | Default | Extra |
+---------+-------------+------+-----+---------+-------+
| empId   | int         | NO   | PRI | NULL    |       |
| ename   | varchar(12) | NO   |     | NULL    |       |
| address | varchar(12) | NO   |     | NULL    |       |
| mobile  | varchar(12) | NO   |     | NULL    |       |
| salary  | int         | NO   |     | NULL    |       |
| deptId  | int         | YES  |     | NULL    |       |
+---------+-------------+------+-----+---------+-------+
6 rows in set (0.01 sec)

mysql> alter table Department add primary key (did);
Query OK, 0 rows affected (0.06 sec)
Records: 0  Duplicates: 0  Warnings: 0


mysql> insert into Department values(1, 'Account', 'maha');
Query OK, 1 row affected (0.01 sec)

mysql> insert into Department values(2, 'Sales', 'mumbai'),
    ->      (3, 'Marketing', 'pune'),
    ->     (4, 'HR', 'uk');
Query OK, 3 rows affected (0.01 sec)
Records: 3  Duplicates: 0  Warnings: 0

mysql> select * from department;
+-----+-----------+----------+
| did | dname     | location |
+-----+-----------+----------+
|   1 | Account   | maha     |
|   2 | Sales     | mumbai   |
|   3 | Marketing | pune     |
|   4 | HR        | uk       |
+-----+-----------+----------+
4 rows in set (0.00 sec)

mysql> insert into Employee values(1, "krishana", "uk", "99911111", 5000000, 1),
    ->          (2, "geeta", "maha", "7465563732", 5000000, 1),
    ->         (3, "mam", "pune", "586365", 5000, 2),
    ->          (4, "sumit", "mumbai", "8978546", 30000, 2),
    ->          (5, "versha", "us", "3964363", 60003, 2),
    ->          (6, "ashish", "mp", "86634557", 70000, 3),
    ->          (7, "sonu", "up", "98745675768", 3365000, 3),
    ->         (8, "friend", "bihar", "458745243", 001000, 4),
    ->         (9, "monu", "nagpur", "57463524", 59000, 4);
Query OK, 9 rows affected (0.01 sec)
Records: 9  Duplicates: 0  Warnings: 0

mysql>  select * from employee;
+-------+----------+---------+-------------+---------+--------+
| empId | ename    | address | mobile      | salary  | deptId |
+-------+----------+---------+-------------+---------+--------+
|     1 | krishana | uk      | 99911111    | 5000000 |      1 |
|     2 | geeta    | maha    | 7465563732  | 5000000 |      1 |
|     3 | mam      | pune    | 586365      |    5000 |      2 |
|     4 | sumit    | mumbai  | 8978546     |   30000 |      2 |
|     5 | versha   | us      | 3964363     |   60003 |      2 |
|     6 | ashish   | mp      | 86634557    |   70000 |      3 |
|     7 | sonu     | up      | 98745675768 | 3365000 |      3 |
|     8 | friend   | bihar   | 458745243   |    1000 |      4 |
|     9 | monu     | nagpur  | 57463524    |   59000 |      4 |
+-------+----------+---------+-------------+---------+--------+
9 rows in set (0.00 sec)

mysql> select * from employee inner join department on employee.deptId = department.did;
+-------+----------+---------+-------------+---------+--------+-----+-----------+----------+
| empId | ename    | address | mobile      | salary  | deptId | did | dname     | location |
+-------+----------+---------+-------------+---------+--------+-----+-----------+----------+
|     1 | krishana | uk      | 99911111    | 5000000 |      1 |   1 | Account   | maha     |
|     2 | geeta    | maha    | 7465563732  | 5000000 |      1 |   1 | Account   | maha     |
|     3 | mam      | pune    | 586365      |    5000 |      2 |   2 | Sales     | mumbai   |
|     4 | sumit    | mumbai  | 8978546     |   30000 |      2 |   2 | Sales     | mumbai   |
|     5 | versha   | us      | 3964363     |   60003 |      2 |   2 | Sales     | mumbai   |
|     6 | ashish   | mp      | 86634557    |   70000 |      3 |   3 | Marketing | pune     |
|     7 | sonu     | up      | 98745675768 | 3365000 |      3 |   3 | Marketing | pune     |
|     8 | friend   | bihar   | 458745243   |    1000 |      4 |   4 | HR        | uk       |
|     9 | monu     | nagpur  | 57463524    |   59000 |      4 |   4 | HR        | uk       |
+-------+----------+---------+-------------+---------+--------+-----+-----------+----------+
9 rows in set (0.00 sec)

mysql> select deptId, sum(salary) from employee group by deptId;
+--------+-------------+
| deptId | sum(salary) |
+--------+-------------+
|      1 |    10000000 |
|      2 |       95003 |
|      3 |     3435000 |
|      4 |       60000 |
+--------+-------------+
4 rows in set (0.00 sec)

mysql> select * from employee inner join department on employee.deptId = department.did where dname = 'sales';
+-------+--------+---------+---------+--------+--------+-----+-------+----------+
| empId | ename  | address | mobile  | salary | deptId | did | dname | location |
+-------+--------+---------+---------+--------+--------+-----+-------+----------+
|     3 | mam    | pune    | 586365  |   5000 |      2 |   2 | Sales | mumbai   |
|     4 | sumit  | mumbai  | 8978546 |  30000 |      2 |   2 | Sales | mumbai   |
|     5 | versha | us      | 3964363 |  60003 |      2 |   2 | Sales | mumbai   |
+-------+--------+---------+---------+--------+--------+-----+-------+----------+
3 rows in set (0.00 sec)

mysql> select * from department inner join employee on employee.deptId = department.did where empId = 5;
+-----+-------+----------+-------+--------+---------+---------+--------+--------+
| did | dname | location | empId | ename  | address | mobile  | salary | deptId |
+-----+-------+----------+-------+--------+---------+---------+--------+--------+
|   2 | Sales | mumbai   |     5 | versha | us      | 3964363 |  60003 |      2 |
+-----+-------+----------+-------+--------+---------+---------+--------+--------+
1 row in set (0.00 sec)

mysql> select did, dname, location from department inner join employee on employee.deptId = department.did where empId = 5;
+-----+-------+----------+
| did | dname | location |
+-----+-------+----------+
|   2 | Sales | mumbai   |
+-----+-------+----------+
1 row in set (0.00 sec)

mysql> select did, dname, location, empId from department inner join employee on employee.deptId = department.did where empId = 5;
+-----+-------+----------+-------+
| did | dname | location | empId |
+-----+-------+----------+-------+
|   2 | Sales | mumbai   |     5 |
+-----+-------+----------+-------+
1 row in set (0.00 sec)

mysql> select *  , max(salary) as salary from employee where salary <> (select max(salary) from employee);
+-------+-------+---------+--------+--------+--------+---------+
| empId | ename | address | mobile | salary | deptId | salary  |
+-------+-------+---------+--------+--------+--------+---------+
|     3 | mam   | pune    | 586365 |   5000 |      2 | 3365000 |
+-------+-------+---------+--------+--------+--------+---------+
1 row in set (0.00 sec)

mysql> ^C
mysql>